{
  "intercept": 9.804213671365313,
  "coefficients": [
    -0.015668500663321507,
    0.02673688176277769
  ],
  "feature_names": [
    "cam1_left",
    "cam1_right"
  ],
  "r2": 0.0013516197372673844,
  "rmse": 8.720482088208906,
  "trained_samples": 150,
  "trained_at": "2025-12-18T20:23:37.242463+00:00",
  "results": [
    {
      "feature": "intercept",
      "coefficient": 9.804213671365313,
      "t_statistic": 11.973815796665049,
      "p_value": 4.873463543518271e-33
    },
    {
      "feature": "cam1_left",
      "coefficient": -0.015668500663321507,
      "t_statistic": -0.18043608950710577,
      "p_value": 0.8568102239235775
    },
    {
      "feature": "cam1_right",
      "coefficient": 0.02673688176277769,
      "t_statistic": 0.3024750957575433,
      "p_value": 0.7622899155729923
    }
  ]
}